y_true,y_pred
413.6,380.7906095065167
331.0,256.8157682443686
419.0,448.85322282579114
313.0,206.90066963431
384.8,336.64442883653277
471.2,366.33704176704947
221.0,358.8253718396653
395.6,394.35920821622193
113.0,21.344273081671055
358.7,432.2150123924896
325.4,324.11718022600957
266.0,317.0395572476514
298.0,225.05986853530032
156.0,132.14786424321343
68.0,-8.884933492018895
365.0,293.0602180247544
291.0,227.48832425848292
244.0,244.16981315540124
87.8,136.0411444073722
307.4,293.4333179211799
204.8,250.73251207711937
-0.4,-14.554782005751521
226.4,252.3818981410026
-80.7,-76.95326640280632
320.0,319.4030221021068
195.6,191.00064299099148
92.1,73.7877161495554
474.8,442.61916006308445
410.0,323.01261368076143
199.4,154.9900392263581
302.0,313.20687517418605
579.0,405.5901463243514
464.0,373.91652088932767
305.6,327.6390138918731
363.0,304.80475146666987
460.4,356.4013869577259
577.4,492.77698998651533
3.2,-126.91955118736422
226.4,244.06745620178503
304.0,326.08976110438897
518.0,370.15350362861324
447.8,478.3210358820237
608.0,273.6015920066263
-189.4,202.53824415746917
77.4,57.36871568440484
237.2,-26.734664053949267
30.2,-20.23029618894827
314.0,292.57879240073123
58.3,112.91707795994374
-137.2,161.69524232974086
356.0,291.6089837590006
294.8,325.145144108475
291.2,251.87794041599238
180.1,99.25310802686924
464.0,462.8072086809647
392.0,394.2927870732664
-113.3,3.5985459356310168
141.8,139.47914575220034
449.6,388.7904174734974
357.8,361.04558081435516
410.0,424.1195546705923
69.8,90.62985506265498
352.0,423.09665742231516
36.0,27.451765122324396
199.4,133.4988698705782
331.7,393.7036919143099
537.8,424.30685653624323
61.9,27.598413080663402
213.8,239.5996882933759
572.0,469.814177950668
-130.0,-52.67480104647543
-117.0,38.05358991053271
484.0,307.21039160164
165.0,217.78764634822676
266.0,285.0013433665504
397.0,428.48879663247374
577.4,545.5101758414418
207.5,286.8463270321847
336.0,483.68483982677606
626.0,505.6455614202056
420.8,352.15284196962205
357.8,417.2112246533771
411.8,337.6629995053879
453.2,392.5870309299423
401.0,381.43174127124877
267.8,331.7818778942118
387.0,207.49543270551447
253.4,290.83947496397457
280.4,311.4144954330904
644.0,460.00758990749387
404.6,425.1774075812659
129.0,94.51087377180771
426.2,410.33312102997934
454.1,339.9175136697479
83.3,90.45428220218152
449.6,371.44937500220163
149.0,97.92602405268077
137.3,126.03683365782709
203.0,104.01678814245902
395.6,328.96814702416196
368.6,489.904757350511
-50.8,107.24207411447081
342.5,449.1050932411629
568.4,541.2989180772245
284.0,304.6749761801195
302.9,260.41818290584047
100.0,100.18641083801947
396.0,308.88839644617315
332.6,379.2094059978699
485.6,480.08993183015815
388.4,391.7378670088289
222.8,296.06061799555255
319.1,280.91576933398903
662.0,525.917012586548
17.6,52.06448623974674
367.0,380.5758411221754
195.0,228.61929729527947
100.4,105.56341599922119
303.8,409.8175060627003
155.3,190.90582060639588
386.6,407.40670915806356
172.0,180.56293859407742
395.6,359.2459943629208
377.6,303.87133841535626
-24.0,-19.04539235758033
206.6,240.4616642323934
399.2,319.4944566981151
423.0,408.0293496852804
230.9,228.53477821111707
197.6,369.586773163178
192.2,262.9961063095116
561.2,565.0526784546319
219.2,445.2764580859532
21.2,88.14610406487975
375.8,353.73323923111286
491.0,484.6493054810283
-3.6,5.629681718604994
-58.0,-5.670173401658382
147.0,168.4344606404437
303.8,388.68021677053116
444.2,442.4479873703278
537.8,514.0350954727753
275.0,332.508391244471
135.0,108.40540381945536
356.0,352.00646790232895
577.4,484.93866213853056
-205.6,251.73986850483283
388.4,399.8457288835226
-167.8,303.7497556779095
149.0,142.47271425276168
491.0,383.72289465528087
-74.7,-69.55738200380391
335.3,296.6145268893213
478.4,520.2880398125889
450.0,362.5907608005666
568.4,495.0502747603638
413.6,474.012552963251
136.0,35.408617583877714
-60.0,-50.13711220319674
494.6,34.86962067765789
213.8,201.96287719478264
202.1,233.28721587938193
77.0,48.5990736742592
231.8,304.16684753745886
373.1,421.2310438786773
77.0,162.50994271028964
446.0,408.23605186742697
653.0,363.32969393307883
253.0,202.91072721011562
485.6,466.73291724724197
-27.0,-26.77188694668925
-239.8,217.73749231472826
243.5,165.13248250433838
347.0,336.59395264465024
-166.0,366.9425094193276
172.0,73.2772036917938
193.1,173.47910273990357
-49.2,-51.828613095839756
314.6,341.58916258267175
428.0,426.107201900717
262.0,406.0711803271891
471.0,467.5788691769968
-170.0,13.107019952100687
17.6,128.6923880789028
267.8,317.63194755569907
302.0,279.4550381791884
410.0,262.5680871962118
75.2,83.52509709172311
282.2,466.5421272613355
343.0,344.1701263767904
244.0,244.04187022545906
124.0,35.88412122954008
191.3,218.78150727353267
168.8,153.5249382868542
-15.0,278.2851490428706
244.0,283.30857205053644
-223.0,302.4186472931699
77.0,195.54690154208552
158.0,154.76431949468832
-116.0,-105.07180899337983
356.0,377.13807352042323
593.6,526.5935019480742
252.5,305.7054184848517
257.0,307.28805301287093
257.0,284.0357745636986
27.7,32.80420740567811
230.0,233.53269469472832
568.4,482.9385249194506
208.4,220.52209692834649
133.3,101.57668461749026
532.4,450.178526509314
351.0,244.60220117807867
-126.0,-112.4038839113099
-184.0,-210.32718162368587
237.0,245.25673559395094
194.0,259.48612824727627
680.0,450.5270446906669
523.4,573.525305094331
142.3,144.73197180876713
410.0,411.45737346216026
77.0,124.16755359643538
355.6,396.5751970736143
386.6,460.80868490453776
-5.8,-13.274982597891254
383.0,339.80583164439366
291.2,333.7695369999606
302.0,380.34803007625334
572.0,426.42744897114136
102.2,101.16691349193482
225.5,319.6229337171782
-151.6,164.9662076898271
105.8,214.55109614651116
232.0,237.34729027337536
189.1,127.76113727671233
435.2,503.5631271174327
404.6,453.7526293980628
406.4,152.124232335274
-136.0,-180.62774264130513
393.8,386.9294210742705
143.0,133.22850231502204
399.2,426.9408617640426
-2.2,-16.580883451220895
-103.0,-55.06523915888907
80.6,130.33593082708302
572.0,555.0886339776854
273.2,323.8239784033281
224.6,222.66269716209175
498.2,431.4331550467144
-74.0,-61.34016845722589
444.2,439.0341296582247
572.0,517.407149893668
476.6,526.3870464287628
3.9,259.23253803737674
366.8,233.97541129954507
531.0,479.07938353230736
419.0,398.2859457193507
490.1,368.073165607746
217.4,244.16840884101734
456.1,415.331602071165
230.0,199.64590929931975
347.9,286.26851757848914
124.7,110.91304823870368
-36.4,129.74380880959419
471.2,409.3525497466127
179.6,171.75820698997276
-137.0,-149.12689162340996
489.2,504.1911123044166
353.8,250.58038839265473
100.0,100.18641083801947
-179.0,-90.24662417262873
-60.0,-18.67382027492419
244.0,276.1080706997056
522.0,490.8602651185263
366.8,373.017337227497
339.8,331.3668942332423
167.0,151.64423097356146
741.2,275.9934922179971
349.0,351.25576167457103
287.6,441.4698054873363
473.0,455.52184312220237
366.8,264.2682301143999
276.8,363.7885938375046
374.0,421.1782285032331
111.2,-20.324663767454762
377.6,326.08754075558045
291.2,437.92148448905874
-213.0,-148.73240056361854
480.2,425.59862882794476
127.4,277.91074596628204
155.3,137.87145104314655
21.0,392.43773230171973
442.4,367.29970820176527
307.4,133.9317936525305
365.0,384.12335719052874
115.0,114.91600594897282
89.6,117.95570844811755
471.2,441.61455870340285
383.0,183.16114979484243
402.8,425.96012543275094
262.0,191.03898472577782
320.0,320.0026904515347
-138.3,-94.49234002172123
113.9,111.82503072931607
361.4,326.96637107689844
163.4,241.6515082705732
518.0,331.6995623621077
518.0,493.9715568613074
280.4,215.6256782045687
383.0,369.4905445198826
99.7,88.99994554936289
429.8,443.0074207618422
428.0,442.4947016449188
478.4,322.17974755024136
366.8,335.3305989052985
-22.0,-18.110904233799136
260.6,392.54683255837756
-0.9,-69.70845717381466
494.6,474.51837867192734
537.8,491.8705390250368
572.0,463.1836291925113
390.2,335.14879756401103
221.0,189.04406133463868
593.6,527.4257568505193
336.2,365.0342057441936
81.5,114.17750019918736
51.1,34.851097419249335
-8.5,-25.035993534433825
455.0,379.44113478754167
158.0,218.72315402628558
474.8,363.02689527736106
370.4,283.05636080922665
419.0,353.1206428310326
-0.4,8.99133073815047
625.1,621.0138018760217
267.8,151.18739021754303
289.4,288.28276977084147
11.7,97.19505631438113
437.0,460.0241557462986
347.0,434.6961245941351
339.8,427.68002932188654
415.4,375.5232272038981
-29.4,-1.2194798124441157
402.8,468.76669357114315
-112.0,-95.99546377418132
-20.2,53.16306242798099
168.6,155.01612821395338
240.8,273.57047745837116
289.4,327.0401778528062
183.0,-24.939936086317346
196.0,161.97998391767402
385.0,197.65627854913618
379.0,402.1303396672288
188.6,270.30456874052226
189.5,307.71415767826926
280.4,318.7716328532567
367.7,317.0077167560092
267.8,315.35940193346755
444.2,439.9878998244376
257.0,368.17164045063976
197.6,210.66654742122378
545.0,498.3305169799648
217.4,284.30500422395795
294.8,339.21807820885493
347.0,400.0580022784927
336.2,346.61659682116067
138.2,90.92590278446868
388.4,357.01503778451575
14.0,18.196510213084746
442.0,343.8907855665224
-44.0,-36.639865752238244
106.5,107.54071225763627
617.0,446.5024284552865
-40.0,-57.546550562627495
-108.4,210.163243540556
491.0,295.51723412379965
343.4,300.75992500770224
446.0,416.53707287622115
437.0,306.9297014577664
63.0,66.60001263162657
444.2,435.83081394514375
158.0,152.65605382589035
334.4,389.283776924436
366.8,276.0914056036944
129.2,187.8362448833839
165.0,189.71534390887152
236.3,242.01727841888945
424.4,352.1227823753616
84.2,119.18363444390884
-49.0,65.55225736846542
356.0,284.4329988279228
417.2,418.41040675092796
377.6,363.2046981662801
325.4,308.62540135061226
347.0,332.05526923100615
264.2,345.44384840380224
548.6,593.2536992462113
150.8,119.49325538147174
194.9,65.13782111231824
-197.3,-120.78238169601728
181.4,200.85463985551414
246.0,324.0091624560034
-96.7,-83.65905654232047
392.0,451.2000597036565
174.0,117.92883966478773
446.0,386.4329697960243
294.8,443.7732661433256
361.4,189.7528708173887
411.8,369.85556251255883
14.0,5.935632016339839
210.2,394.6902242269223
37.9,121.25853054609422
545.0,491.0315848946061
249.8,255.9040751960604
-146.2,-131.87553344682277
158.9,153.10582908852186
59.0,112.90205499924843
293.0,370.0092468881373
190.4,256.8354594228926
566.6,339.6444056072336
26.6,144.65703877148954
228.2,241.78464021125754
-58.0,-5.168083183783058
381.2,384.8333838675401
541.4,447.1635581862246
311.0,352.61858382534194
144.0,6.357377687175339
-67.0,228.09545006823478
-21.1,26.36630088331223
96.8,95.98532288410848
205.7,217.0792337261049
429.8,447.9918674592976
167.0,333.30395536979984
371.7,194.35558247137257
428.0,382.1008439309501
104.0,35.33375760316995
204.8,150.59224537430165
140.0,177.90744899293514
485.6,377.12165301629085
-113.8,-101.3414595163106
203.0,216.49488051944317
311.0,177.4998125160539
388.4,298.9715509426619
523.4,421.3757686718923
50.0,-154.57110798937924
568.4,440.1007532181741
93.2,106.41466991011619
77.0,127.70921512235338
550.4,479.7080552726391
428.0,457.87101362433657
111.2,146.24743273171464
366.8,386.725933740943
21.2,112.39685985667246
176.0,180.02670133369313
219.0,209.46892099344845
244.0,114.7617187774147
475.0,247.3318871062481
296.6,-44.6409760013707
-108.4,9.771654163237526
408.2,369.20224414713516
368.6,284.38974356324843
77.0,64.68450359744183
136.0,-1.717459890135329
-94.0,9.94362641866604
46.4,55.40324483822665
410.0,446.0433598846789
327.2,315.0212601658977
342.5,279.02442707595446
201.2,262.36577998192257
680.0,490.5865420301357
370.4,367.5280042736425
448.7,460.1983044799547
304.7,290.8430765120031
132.8,118.4172445866135
307.4,370.82875655561634
361.4,415.7276680762684
77.0,140.29709293908778
467.6,430.21834036920825
179.6,166.88123533790588
377.6,447.6799827235926
572.0,450.4268464042192
347.0,256.2643079057115
485.6,378.31806373426195
276.1,286.3153025165176
107.6,100.95381718578571
505.4,442.734994527223
572.0,514.9416794131073
422.6,444.7933257171873
440.6,414.2061233648762
90.0,185.18781868061802
253.8,340.8059601709606
97.7,153.2961610297573
320.0,306.2109224399856
469.4,457.8168780475389
173.3,151.83681579192142
411.8,376.03726169584
455.0,381.835215367174
248.0,336.1064872501685
275.0,411.20500363452345
284.0,400.0781701058503
440.6,462.65119381118376
212.0,303.2470907887902
-141.7,-51.406769364920585
-48.1,-39.0510420339636
401.0,437.23708924157427
339.8,374.0137902149672
215.6,392.6682186920049
354.2,364.9144945985997
45.5,-23.288536872479135
273.2,273.5857916650838
550.4,511.8345186309709
-34.6,-25.68046531002091
447.8,428.1701099317706
505.4,203.62594241565617
77.0,224.67484938187178
268.0,436.3955089524508
-161.4,-179.77129936893814
320.0,320.0919463317735
343.0,211.88929819102398
426.2,451.2078570849993
359.6,313.5114860188552
431.6,411.2723209539067
34.5,-22.945966261377038
586.4,263.120611929532
462.2,470.10689504784
415.4,420.2617999807994
285.8,441.6030246968314
312.8,267.4200802470695
446.0,310.3598326373296
411.8,396.01112340057466
446.0,389.5791907869234
426.2,424.74311503569373
18.5,25.389953078315227
536.0,416.47956409075323
113.0,12.814276780512866
31.3,-14.948102276957984
561.2,485.0007161582902
64.7,88.52464199018227
291.2,281.2082312705432
446.0,442.91995353036447
191.5,197.64990593049518
-4.0,11.31576244351615
134.6,69.3431161805556
573.8,475.9202393470967
572.0,471.60654471616573
-170.5,-116.9394324411654
58.1,74.6843383123981
-83.2,-0.49215610151383643
230.0,258.37834369538103
167.7,172.56759559353443
311.0,311.0193307546069
86.0,282.63303024055926
-92.2,-68.91194212529501
-218.2,235.94466506046163
303.8,161.23575351096602
264.2,274.769919307426
372.2,217.7459768558033
194.9,203.5557214395612
415.4,382.83459444591233
-8.5,11.89081541878583
348.8,339.45228213501673
543.2,469.57882827852626
491.0,525.0240137335277
19.4,71.4573166693777
-31.9,3.4065059971482885
264.2,268.706002423548
419.0,388.10129294031566
237.2,251.33781825721726
145.4,172.35977874665065
289.0,297.8094564390288
347.0,332.2131609096111
311.0,311.0444789459139
-184.0,268.61602527880535
343.4,350.16177132197186
388.4,351.833587894305
383.0,360.9456181484212
572.0,561.1360790187374
294.8,368.94560262025857
372.0,331.42713640612965
210.2,216.77997249859513
521.6,409.1175447779907
147.2,134.42403260675405
-148.0,335.8233295046544
482.0,475.91980624764386
-22.0,73.64831412410946
161.6,175.37130790094207
-110.4,123.13754955640981
261.0,321.9781458518535
234.1,212.136281808233
237.2,245.3987928492748
190.4,125.10072804113537
59.0,32.80371825076003
66.0,85.55326574688156
222.8,260.1499958046553
344.3,120.96054549810756
329.0,373.6781498926408
549.5,471.3167327073227
212.9,205.33554310500745
167.9,168.5945752684025
366.8,417.6423655264331
287.6,294.2252629763139
237.0,157.5813475805846
257.9,356.414436115829
244.0,228.6530577533457
465.8,431.1234119258452
190.4,172.8194017257269
433.0,354.21809168865525
354.2,357.02879603444507
-143.1,234.46043935775566
302.0,350.2003128995332
474.8,478.2463531908847
228.2,261.7297795751046
410.0,532.0740012177479
213.8,197.42907257868754
7.7,63.33777092683889
-54.0,-32.50476142132153
-58.0,-71.94376458273852
156.0,121.23708633873133
-99.0,-77.80444583060914
240.8,269.641545223908
60.8,76.7423983199968
298.4,67.67234869134128
285.8,242.66207438293875
68.0,131.0933616863536
356.0,451.96466909451516
168.8,271.33631007264836
194.0,289.4940670561575
-142.4,-36.55725178197501
237.2,275.55975873796245
345.0,328.5339355276291
341.8,209.55162403502044
-216.4,257.0485706227057
159.8,166.4307629187274
235.4,278.73218016726867
144.5,155.69014807150458
320.0,319.995870824535
-189.4,353.98293335782614
554.0,513.4907471700342
366.8,386.41035174863975
507.2,452.6739110505354
402.8,359.6503284515909
141.8,174.28434599352073
-175.0,-152.85193212638097
311.0,275.7420224019637
278.6,361.36566227368525
392.0,415.0827341867879
572.0,210.7435495610845
252.3,243.8062370434415
-102.5,-55.892870320762995
577.0,344.5641203389465
581.0,234.88539258699902
-157.0,290.1144851563646
-94.0,-122.06376730871072
357.8,373.8751711403304
392.0,450.59972711604735
456.8,410.50592807728736
363.2,465.19850264022176
393.8,341.1833189109001
392.0,424.3286448671504
-169.6,-98.01693075324815
184.0,118.34924036883886
230.0,301.52409711312646
168.8,177.82137005329298
68.0,80.43227568821295
456.8,415.6436168185753
289.4,337.1834032143815
262.4,274.36631392400676
249.8,248.08640172021896
320.0,319.9657799988843
190.0,209.29944338772322
97.0,-60.31358842689348
109.4,111.20382903552937
419.0,439.22798424081617
473.0,506.0089817525778
-3.1,165.19588959516628
78.8,84.75439426510573
-168.0,-138.20260183467923
204.8,305.55825815245055
464.0,437.86627721790296
617.0,605.3872223275824
372.2,439.5559917122912
-85.0,147.60544324431032
291.2,304.9034684694463
437.0,396.67284369123985
-11.4,119.603711329065
168.8,166.26669720178197
57.2,219.2724172371134
237.2,284.35936439205744
305.6,289.85383018239287
312.8,256.7818129780297
-9.0,-82.5161843805177
626.0,547.6828727315839
320.0,320.1066751883682
113.0,106.69430500413593
-79.6,-63.51572458554028
246.2,225.05239555001998
-175.0,254.62274704413127
141.8,206.06587868411884
315.0,255.5606282823463
307.4,288.2592975178707
313.0,297.67345782385115
356.0,577.1464711138086
-5.8,76.1863472728656
397.4,363.31063986815235
-216.4,124.73194703029776
471.2,383.5863325370735
464.0,381.546837943082
-149.8,189.422192529311
311.0,314.5379360764056
-142.6,26.731592859154798
224.6,257.65443433307667
387.0,130.90185316906718
154.4,116.17953515902107
-4.0,-17.801180843953016
212.9,168.605776114193
482.0,345.708026694768
379.4,426.46052919630273
285.8,356.52225430972214
474.8,323.5154918810956
428.0,403.1304359702419
294.8,447.1187241894802
160.0,280.45096904550024
406.4,409.7492099127718
160.0,189.3587648985769
-76.0,-133.30920591882312
232.0,416.87074780738357
361.4,250.7454809376985
464.0,410.8678332002082
401.0,350.79845593367673
491.0,400.0599754471983
257.0,503.13820872667964
252.0,263.3966094415963
156.2,102.01892986620295
-51.0,-48.39937077492723
239.0,9.063170846474595
354.2,453.2090184502551
306.5,284.75599412954523
-160.4,191.1241953047602
536.0,489.74896985991523
354.2,256.5094629174142
396.0,340.5308287224596
-20.2,82.21172618938897
205.0,148.43817800596065
430.7,275.6849957694771
215.6,117.57332758933457
201.2,294.2711086573341
247.1,372.30912526108597
203.0,302.48405847761825
593.6,489.5163201905087
455.0,446.9758213398317
-116.9,-83.68903290370241
356.0,332.3007487799835
516.0,469.66321977190756
351.0,268.51654703045244
501.8,554.3073242301847
135.5,177.68002681148732
505.4,382.3669102471356
397.4,395.9545363304212
399.2,464.492391309928
148.1,174.34068188868775
361.4,350.58555353796373
35.6,32.58185764880641
-49.0,108.65800600963686
427.1,403.74932796628195
458.6,467.6083091088998
397.4,363.41342514639064
435.2,274.21903516554244
95.0,81.27247005678281
-41.8,57.061044222386
-77.8,106.53263921718934
332.6,264.1690216937883
363.2,439.4418885142045
-216.4,154.58265623441022
327.2,407.8650786998684
32.0,210.06368490614733
392.0,377.62749316156436
77.0,-25.35139087782778
586.4,522.4918924783334
387.0,209.28896415015896
383.0,388.46106135356206
18.9,133.48331745219554
-187.6,244.7851054728971
397.0,471.05664625236216
113.0,171.2545700313795
372.2,331.10125637077095
185.0,344.33722142300064
183.2,175.56860191863987
-40.0,74.58592233990436
388.4,441.45733067700047
187.0,377.6772836615046
89.6,141.86139427479094
149.0,166.21420090908418
113.0,68.43050593250622
235.4,168.7188927081485
384.8,380.96864884893785
586.4,518.7297882111537
249.8,299.47994965326086
-244.6,-180.68127235497704
500.0,425.75807130937136
384.8,437.38700719642765
25.0,-92.45739971929844
-67.0,158.69748061201844
305.6,251.15899682003578
182.8,186.75265872612258
-45.0,-61.76597280491035
521.6,391.8925105464554
183.2,206.2962212747561
-185.8,327.9163008694273
442.4,421.8825812190933
-150.7,-154.93528054520428
417.2,388.01772117287237
384.8,390.60385303975573
-83.2,106.69430500413593
510.8,450.7602030524646
379.4,346.42768701368726
-150.0,-101.62093908896523
244.4,389.7065309120071
249.8,282.8003572835499
206.6,276.88087659901123
246.2,339.4450608345484
217.4,235.91176068004992
405.5,475.1233573225299
296.6,421.62789649209736
138.0,199.56619840784327
86.0,102.81227913713663
77.0,143.11728166102282
259.0,309.26310800090477
212.0,305.3051629038558
266.0,449.704137749974
140.2,145.71633002215734
86.0,95.92176814280647
-45.0,-25.72439660372927
329.0,311.5737833265729
261.0,301.880718572659
408.2,515.7725817938583
388.4,320.61316260773646
392.0,366.35498692307283
424.4,441.6285903891047
-27.4,11.260757334105762
554.0,496.936923435763
87.8,-17.24411850170907
329.0,246.6443157992599
455.0,390.35671380098444
99.0,180.38230180766325
408.0,327.1913606595957
546.8,457.29319355861196
314.6,399.4173431706746
451.4,323.34961169573705
24.3,21.572865582300544
334.4,346.62698503187687
401.0,314.23339754966645
309.2,339.8783437598053
347.0,385.3275342933608
82.4,64.83666046722838
257.7,375.9256059408069
275.0,297.7598815199136
411.8,438.8205685037594
236.3,300.12497517294696
-52.6,144.47065599038223
-95.44,-122.02256100793252
22.1,30.5143763955288
348.8,431.421843460034
68.0,212.40353849547918
144.0,161.13624014649415
315.5,390.6278672767214
138.2,138.19650339690418
-180.4,-156.62768582152296
399.2,403.22794089809537
388.4,400.50382628273366
29.0,46.956788146563504
131.0,130.91210252104452
111.2,147.7200446700143
509.0,491.2541059930213
453.2,461.7274895741107
442.4,484.42574028150796
199.4,205.4542887595348
352.4,318.437932906584
293.0,299.38235384880056
158.0,174.8184149200127
218.3,232.47620915085741
268.0,269.67499453121974
213.8,98.88175354313178
422.6,368.28708818770576
478.4,390.11794237847903
140.4,246.6779405005127
217.0,223.123430229272
-2.2,279.010807477167
244.4,228.71715126427372
662.0,570.671983443457
-99.4,-93.55389880524727
186.8,146.55181816183267
377.6,371.53862676845415
291.2,422.9790775828625
253.4,357.94470824798094
118.4,154.20757284098394
121.0,107.94748477868878
-194.8,-131.15789108124315
208.4,273.2545357548367
350.6,414.7757481731755
-97.6,159.05593457715318
-94.5,-76.27819374282195
324.5,360.4517431188049
288.9,273.7628835891866
455.0,439.03640568649337
50.0,332.74064050017057
575.6,416.69045418993596
-126.0,-86.93897037831114
572.0,620.2991104432394
125.6,73.19128031677809
446.0,402.9626540878873
-140.8,203.55386068586895
185.0,208.4202114712519
504.0,436.82237394883674
-166.0,188.75057430251485
487.4,507.65978455050384
602.6,468.6990627507772
600.8,430.40485822552034
501.8,424.08775099996376
340.7,68.64379764135
305.6,311.5388556133817
453.0,344.87646511863977
348.8,351.8072921021654
307.4,275.71970693162115
-110.0,-41.48407628273368
56.0,124.89347078692546
447.8,431.4101597718879
466.0,294.5461241193707
357.8,282.6501504436763
509.0,454.3594053593277
126.5,130.7318849001287
-49.0,-108.76444283234862
309.2,314.0218608816733
332.6,348.985055787074
462.2,474.1053658453093
379.4,311.3217878651284
455.0,423.3111859739183
-148.0,-107.17738830923737
403.0,433.7991756838107
-74.0,-60.695822999713265
280.4,325.29792127732
208.4,294.9854702933445
86.0,70.84049741049128
331.7,413.08135222139526
291.2,290.18911662149844
509.0,458.1778023323364
599.0,391.90274197663257
182.3,179.61915057917875
307.0,215.01353370692453
474.8,358.9050690892366
500.0,436.83432779316087
120.0,170.7259461152246
491.0,452.24478246393363
342.5,274.6290718939675
215.6,166.00492914149277
-72.8,-75.00140120738845
547.0,367.7057182439106
59.0,59.272931485187776
150.8,174.0765242169081
406.4,474.9737655931943
401.0,326.8490543015172
294.8,371.5660287484731
352.4,316.89638144317314
516.2,482.8520937624763
402.8,306.7725697942906
493.0,366.6430834371164
4.5,38.153560036293484
367.0,382.0650414645043
77.0,11.822976848675072
363.2,456.4817592404664
-58.0,-57.43018170647906
111.2,191.33919442925608
343.4,363.9155538438142
401.0,322.0302119493888
33.4,35.71348742859122
406.4,339.78531261759707
77.0,154.60137345643676
590.0,548.4620306508751
419.0,296.28296299964836
91.4,89.2905010934173
294.8,363.58453236811977
433.4,408.88696671802194
491.0,469.8602012319279
147.2,164.5726134011575
393.8,259.95209019795334
-114.0,-143.09320987341042
100.0,48.25831405712621
-82.7,-55.35847081829619
-37.8,-9.030614422139907
-22.0,-22.95748472779514
586.4,504.50299211556745
393.8,242.97168663640588
113.0,123.65751380070552
152.6,156.35828864404598
329.4,325.0963230543697
376.0,363.4520193276856
323.6,320.59679865243857
32.0,81.87007004078697
-211.0,344.6834578268698
428.0,348.7337984479437
255.2,150.53600759908957
242.6,175.91532960705905
244.0,244.0600703239869
18.5,16.488342127552134
302.0,315.77832783550934
626.0,543.0051130150906
42.8,76.3685232123283
442.4,470.99139345264643
379.4,393.07008678020657
131.0,113.15221039393138
408.2,402.6366794818026
3.0,-32.32146905012047
325.4,375.7859335197436
635.0,462.96153571133846
280.4,396.95915308309696
572.0,280.1619206798102
401.0,467.22801477929517
217.4,135.2085518774454
149.9,209.08852573538766
415.4,384.3988961012915
447.8,426.1303216551804
253.4,285.2607444070501
192.2,346.78730148323217
382.6,282.43267182589216
216.0,287.262305723317
-164.2,-71.91444292055968
424.4,359.2352681759537
118.4,84.94289318031477
333.0,416.2904896638778
266.0,240.9911184055851
32.0,-18.907997712108383
14.0,45.12517504407486
115.0,158.38097112244668
397.4,396.24486278855034
-10.1,-24.943028270064413
174.2,135.99885765640008
469.4,352.7431266512452
338.0,325.15213055067215
5.0,21.618131884358636
-45.4,38.42295486084286
258.8,236.81132225159533
352.4,349.3808995647708
159.8,225.06256499891552
-42.7,-60.60660595691178
496.4,439.5445999013373
519.8,379.76485015984065
240.8,273.9494312268683
282.2,259.6128992025937
206.2,58.13498503646375
536.0,466.14793800002144
156.7,148.4347780374939
50.0,55.080642746734
287.6,270.4831242877302
59.9,146.40783920869657
653.0,447.82453511345
221.0,239.01944055844092
201.0,196.21551873539494
159.8,190.68324113644454
518.0,425.1339122587563
242.6,160.52872110947297
413.6,383.11181864216695
-148.0,-54.03242162515622
435.2,447.3350450616843
230.0,111.35055422167424
372.2,390.74817485041194
126.0,129.58068810868605
482.0,423.63224595138195
548.6,546.8864058135631
359.6,346.6995988301675
512.6,541.3825799990436
248.0,318.69298750437264
240.3,242.12706756462927
572.0,432.3448396937327
395.6,505.2562431789582
338.9,344.10870062810903
311.0,310.80336875100375
105.8,163.25057342702993
77.0,15.113485577668708
-86.31,277.39007419510756
346.1,368.50319412276195
350.6,333.207151594566
390.2,305.974698627625
111.0,296.723666071897
559.4,462.61908399709483
284.0,331.25852784482754
360.0,281.1114033209018
449.6,442.5214625343781
532.4,532.65419213309
246.2,267.56653735747545
527.0,304.9091604925617
9.0,47.01705454245436
572.0,559.1857577101691
500.0,409.22265496851895
-4.0,-10.296024050514461
572.0,519.717419470941
168.8,192.14008040528546
43.0,-3.569809385923718
401.0,370.84204341128634
381.2,210.163243540556
154.4,168.2726762600506
19.4,182.00741394010848
154.4,236.309743780032
97.7,112.96012534981979
336.2,397.9941500135863
354.2,469.88555889015277
219.2,185.96529751666665
424.4,422.6929739732666
482.0,551.7401772510935
437.0,481.51379947672814
248.0,342.7795732911348
341.6,318.9562245608324
210.0,164.98209098951384
233.6,251.21285813221004
370.4,403.93403132008325
460.4,384.05936128542123
534.2,415.247712726554
-135.4,159.2869666445436
-128.0,-121.66519650848632
157.5,162.81620502244735
424.0,300.69264980254894
415.4,338.019537735635
500.9,455.6947712289172
259.7,255.99824266646536
160.0,111.60070419847237
377.6,431.97861755895207
280.0,230.76653808239402
426.2,385.5410735492027
258.8,313.70359552588326
-112.0,-78.35434937205457
228.2,213.42415205627665
399.2,161.9782883093824
181.4,159.56375881063295
-4.0,181.29222763060628
264.0,198.53468800403633
572.0,626.4897728637593
-118.5,-116.2216832007606
122.0,191.56395038529627
172.0,137.16938008166147
158.9,224.91659689975947
170.6,173.8405471117479
523.4,494.06986630245666
330.8,339.59197858947465
105.8,101.9412496101859
204.8,122.85405987332646
359.6,367.3747996520161
550.4,489.1762660521712
34.7,167.76694100928935
405.0,259.9889688765979
244.4,286.283907692912
257.0,334.2393806199971
348.8,230.42524771619412
620.6,429.5654290492472
386.6,365.9673585528745
-140.8,185.80298784774777
176.9,174.2164656055812
217.0,235.31616312845188
140.0,134.42369806324163
235.4,238.76427368698873
126.5,388.6475288307227
195.8,-114.55614540054839
-76.0,15.482240712728034
-20.0,-4.657154650888995
-76.5,-86.31983356258415
212.0,257.9567137453364
-101.0,-109.16072779309671
417.2,418.85640307156245
-27.0,-25.458740190676615
290.3,320.2248724716326
253.4,252.85863749901552
570.2,482.5822394689475
642.2,581.1250494409813
300.2,340.552585722402
393.8,336.08542992019676
-20.7,15.044176908178263
-63.4,144.16207757657315
112.1,115.66358101467333
467.6,535.2410580044412
514.4,395.54392429093514
81.5,311.4437839321016
99.0,94.34368878879835
246.2,235.91870627768043
79.0,75.9228964068753
501.8,428.4217599968262
343.4,385.6875887314513
115.7,77.74487474888129
199.4,308.0101101902956
122.0,60.81390867480251
216.5,199.80150329459914
226.0,300.24797587337275
424.4,383.4746945074815
421.0,415.01120969811643
555.8,489.19504421872966
-70.6,166.58008963830227
249.8,312.0000668810248
262.4,281.78325940719037
-147.6,-101.08309210654288
381.2,329.9841235548971
528.8,439.220783222989
129.2,163.5565981446493
286.7,261.74707299529933
491.0,541.4176539388641
276.8,273.91612392508944
514.4,456.9127642384156
163.4,299.5354531194483
345.2,428.7832101636727
-8.0,46.77977388821481
386.6,427.7233504405762
161.6,154.48661460488654
96.8,162.8734657194719
228.2,169.1929228568138
-94.0,-50.80528715249395
262.4,396.72072966776494
-112.0,64.8383277747145
-137.0,-135.9562713850775
207.5,185.36973016467783
-81.0,-31.665029145177247
300.2,366.9848406616273
483.8,491.91036725758823
-176.8,174.69779155402873
101.3,94.2520252052273
-40.0,-4.9866669068714575
201.2,341.2949514068138
324.5,386.6073850710429
392.0,416.73901968165603
386.6,407.9925504468792
66.2,46.007971080664134
292.1,352.19467780766377
113.0,186.16598709195915
300.0,165.97263977243549
91.0,95.09059034481335
327.2,321.0583744426319
221.0,256.71802232486044
320.0,320.0026904515347
429.8,408.67113861197294
386.6,359.885278381747
391.1,381.3718563418728
399.2,410.3168579216755
392.0,414.3505610127602
-212.8,328.94258295231043
516.2,424.6617635380262
237.2,307.52936726570005
597.2,552.8144814658181
543.2,602.9560388061012
147.0,341.5256002304883
300.2,367.5408608409766
77.0,205.2188150796537
401.0,351.6294621649498
330.8,311.5472206850925
179.6,143.7926299764768
402.8,515.1943732649298
331.0,434.2066259872835
273.2,273.80328551693606
416.3,331.39513010357837
356.0,370.66420223514007
293.0,298.8252486565943
357.8,354.7679374514219
19.4,162.36390731228633
14.0,-17.156283669260095
303.8,340.68054178720575
381.2,379.27835277196925
248.0,391.6745037864072
154.0,150.8775358867157
5.0,121.28268358272267
315.0,329.6388905472856
431.6,447.2686931151833
624.2,446.7657792601847
198.0,233.67383236115333
77.0,172.17529467908238
465.8,415.6871047264831
185.0,403.96300118915383
-71.5,-23.834507142704904
136.0,150.733806991754
298.4,410.3218784585771
530.6,507.54100711786634
127.4,153.98483120969098
352.4,327.42240158250866
433.4,486.9495346577235
375.8,272.8461017702123
32.0,-6.974442369726467
-112.0,22.338684087076427
32.0,48.70773447078949
-112.0,181.6035231617955
366.8,264.0699553948155
437.0,291.2933320148583
610.0,526.9426421443338
467.6,486.92834792340346
393.8,416.7615999018069
572.0,508.9054576092662
136.4,144.96605728570702
61.0,22.185557267779135
373.1,277.4733011460008
353.3,307.69809117538017
363.2,286.5233669735937
-103.0,58.49496460519151
276.8,357.8083990413101
72.5,36.34214466466254
413.6,368.1812111362307
455.0,465.9044854963068
214.0,128.62781409389723
332.6,264.4214149783878
82.9,82.05371040666844
62.6,70.38017109737002
-31.2,-33.636172889762996
469.4,380.5086054885976
77.0,102.75890154514357
440.6,330.8366770567958
475.0,287.918057995309
-58.0,-72.0913883675492
310.1,333.61292176123493
597.2,466.6205147036896
397.4,393.7559727069515
67.1,58.26025224127896
239.0,307.91277468409635
-89.5,-107.19143374275208
501.8,454.47154748374476
552.0,334.0705731656784
348.8,394.76882352154047
329.0,391.51422666247123
396.0,344.79478508778675
23.0,274.83046611513885
345.2,391.61428255177464
260.6,403.2465570547306
235.4,297.9125196080611
325.4,397.0236564923933
235.0,226.39200329268704
309.2,350.8134508630036
95.0,146.74248804773057
406.4,326.3170158913072
532.4,452.0602462035675
381.2,278.84716528401304
203.0,191.74543806354657
268.0,257.1069389539508
230.9,213.988673393969
334.4,216.2453540549391
410.0,376.52939215536793
15.1,46.337083586247815
147.2,173.52638193880813
232.7,238.46520913305537
333.0,432.5068893534467
211.1,227.630045532155
126.1,133.53657957980806
208.4,203.29172318870016
588.2,433.54774066145535
399.2,518.0915656625677
572.0,584.2724657652316
309.2,258.49218858088045
446.0,403.51227192306095
255.2,210.52591823983903
131.0,151.02198894310666
131.0,228.3218389937865
351.0,449.9946726348997
329.0,398.7781643446578
-29.2,-2.487238241193728
572.0,615.0287916285213
235.4,248.47022114408944
242.6,216.9735551801734
404.6,313.2085336617703
-144.0,-107.41657672838018
169.0,191.98134350615857
81.0,194.42853364446012
124.0,45.49686719608693
482.0,432.7865563979645
-92.2,-33.655861645802304
541.4,473.55086158314475
-155.2,341.2528384192668
264.2,263.9295294433364
60.8,78.29800479447341
361.4,465.43104215513006
334.4,376.4132984826215
112.1,109.19537332747429
356.0,315.6551749165634
129.2,64.4356042276327
572.0,568.9408101211304
151.0,229.20948799706335
231.8,296.5012589904882
572.0,522.8585399536702
-0.4,96.23497339928386
298.4,355.4656863079665
572.0,572.1514380711008
48.9,164.05928804464622
57.4,96.69403677615009
251.6,258.5866000633013
129.2,167.22495294001385
37.1,68.58480678283597
68.0,21.316880119999386
109.4,128.1004954776239
-142.1,-134.4394491944193
399.2,394.6453863007667
388.0,436.0451399784031
500.0,483.6537008301417
405.0,332.3741425547186
590.0,529.7744151957651
115.7,180.2561172790975
406.4,366.1497008316838
561.2,474.3396673537783
532.0,425.97751126242554
370.4,381.0050709037865
266.9,271.90696659370906
135.5,147.58781164838183
208.4,135.08341524654418
338.0,337.32060954987475
554.0,339.56644601999244
244.0,300.90401566198955
282.2,215.14104964052763
196.0,119.77961680176261
446.0,429.49760808541436
608.0,527.641177764225
156.2,348.6295889575802
205.0,291.88249153630665
548.6,539.5286112875123
219.2,217.99935211252202
77.0,73.23254700185923
386.6,390.68577941139864
168.8,150.2807820741364
350.6,307.61209554905247
572.0,592.28680403883
1.6,99.65713315264324
82.0,101.2759119876746
401.0,442.574682308055
608.0,301.2677497243584
-149.1,-199.46771837420255
-4.0,27.315076282078163
437.0,437.71074731674764
-70.6,74.9124073994666
47.1,-9.555891486008802
57.2,81.04889839259437
392.0,416.7018046548106
-133.6,-127.44187763107509
392.0,405.17918469123146
191.3,125.91395235726773
57.9,-44.642977049895016
300.2,236.6692885392366
361.4,375.9624713434607
329.0,269.4113130514054
496.4,446.478307897475
147.2,152.8159666647308
572.0,175.04697358403251
267.8,268.10908447338176
503.6,425.8481922958354
293.0,280.09451118323335
179.6,234.92157914948422
194.9,181.65894936757775
321.8,372.84876138520474
-217.3,-154.4501494374706
419.0,415.4718820980488
-166.0,-135.8998754661608
501.8,403.93446693954655
369.0,371.9304389300967
345.2,436.4569402366738
-193.0,248.75841897225726
258.8,65.93776439553599
113.9,172.4293570242038
212.0,344.41821408256726
498.2,350.2749569340643
338.0,304.607510174517
465.8,461.64917383514273
123.8,162.77582287308508
433.4,390.0572314324673
460.4,423.83252067317846
138.2,174.4705448714913
77.0,-35.74892013996462
55.4,45.30962861315513
-58.0,-113.45756368534197
116.6,124.99110514904886
-125.9,-100.44500553320998
451.4,458.14507943690285
-58.0,-53.00546998558624
194.0,231.63871773189175
275.0,278.8056695419232
255.0,268.96073090922425
104.0,294.7920851470108
-178.6,296.30877122036406
307.4,441.24260676186765
267.8,295.75790205959544
77.0,78.72094123941523
107.6,75.02913573130161
127.4,97.14863842142725
410.0,535.5871874298507
-72.0,-75.02640270883359
320.0,391.43243427147667
361.0,310.0196550973557
496.4,377.33058126509627
122.0,273.8369584861276
228.0,194.8333870919743
413.6,446.04555800877444
58.5,103.27843548141546
320.9,309.9916784167257
392.0,323.2253069606027
247.1,257.2700237807159
388.4,266.8634877732188
-47.2,-98.07198429526713
199.4,107.32220401906174
363.2,415.43984163509765
188.6,241.38200527103345
483.8,575.0640041736987
-6.7,22.963119858689403
-109.3,-111.41321546593043
329.0,310.2895691823827
296.6,410.85170307354
426.2,345.82633430730897
149.9,130.01054997185204
186.8,186.30744241156137
433.4,372.12153314216823
442.4,333.1888340718313
117.5,187.35015441193946
406.4,486.5448207154909
287.6,380.37485415512697
291.0,248.04799543817478
-238.0,-137.63961187084138
415.0,193.94628641261568
489.0,279.29059635641875
-236.2,250.29322078301945
519.8,374.2140063558623
181.0,216.19191779544113
197.6,205.27128806045113
496.4,438.96045939479325
268.7,266.5973941105273
311.0,300.55359634755666
-86.8,21.80741770123958
347.0,387.6795253164711
-243.4,355.04181358181853
613.4,572.9081027265476
297.0,217.912051153413
-128.2,-119.49348121700606
559.4,461.13651288484994
-89.5,97.33973347199719
163.4,123.06473889780477
13.6,92.12185955135496
376.0,426.5965039399621
368.6,316.61847100852276
98.6,246.47628298461973
-1.7,-53.995745618033276
199.4,117.61798765172531
190.4,208.2563189202045
-180.0,-112.37505352851637
446.0,451.6748448876602
244.0,244.03038696377575
401.0,407.0300714128529
-44.0,53.682444537024594
-99.8,-102.52417235349536
383.0,454.76517340647985
-81.7,2.2859515628093297
-195.2,-157.4854283637832
-72.0,-133.42562622218634
405.7,328.202075293574
-137.2,161.5168357281857
-139.0,239.56994068709426
261.0,284.7918456395325
356.0,370.69899214144795
160.7,220.72004590324795
215.6,225.9411205775815
457.0,385.92404765315905
363.2,305.88709313529716
343.4,497.489695101474
117.5,151.23934969460487
211.1,184.7364790568592
509.0,490.19368797024083
221.0,185.0392159825877
360.3,314.03327267824534
464.9,417.7881241054966
490.1,388.81456809674035
334.4,427.6176316329571
212.0,139.99897509439347
527.0,433.2890867273605
463.1,438.7516803254417
79.6,88.20642048494953
-23.4,6.652765662063399
55.4,74.08536016073582
82.9,77.9637277140377
136.4,205.46402315639017
482.0,410.42573068773993
180.0,149.58695330924974
176.0,206.36112966412384
-2.2,65.47652285081426
260.6,408.98062109421875
244.4,402.72846964577553
219.2,352.85829050935115
125.6,320.8592532004053
266.0,176.67176512980424
-179.0,-176.2944597061236
394.0,325.88459329506935
134.6,102.93419566646251
73.4,70.07768622666775
404.6,288.56354813227057
341.6,302.9363296550169
77.0,227.834366571323
-210.1,-178.04017937880857
357.8,353.8253337829783
519.8,496.39282431851234
474.8,411.05541223511
-144.4,239.30502639484266
359.6,343.89952591726734
453.2,342.582035412285
114.8,217.3146069864866
199.4,193.4439398905911
466.7,393.515323559653
19.4,37.05833598128027
600.8,535.6316259348464
387.0,280.3302531151863
464.0,403.05936113577513
37.0,28.18881206870412
-132.7,-105.78365201000791
149.0,198.26637159472625
132.8,236.60286944559644
89.6,109.12340620461126
318.2,417.4371769166384
336.0,390.14304951872913
354.2,312.5806946522612
96.8,120.88906041944232
505.4,395.31016275556254
288.9,368.9891131937608
248.0,278.9364804282512
343.4,437.4093239901342
419.0,316.2793476136199
32.0,77.47109464097336
185.0,233.01337283458
59.0,213.5263468877169
365.0,291.1233217807911
633.2,454.0996075105463
581.0,344.34802113816744
50.0,77.28426396458072
24.8,38.31694110672905
460.4,341.3769299301848
-63.4,126.42015635185372
372.2,147.29483869074676
77.0,41.104811168452734
404.6,286.03126861145506
285.8,269.8213577719779
334.0,277.4733011460008
217.4,319.96159166282536
158.0,134.43431774324173
467.6,429.1328955906739
680.0,571.3770999950666
311.0,349.97516981129525
339.8,333.5956741372519
222.8,306.39000526633015
311.0,311.0193307546069
251.6,460.33641102156105
599.0,513.3418818457912
354.2,410.4708725416748
363.2,207.26966691176162
377.6,285.0308032566469
-126.4,229.7326094848981
-112.0,-16.713323434354002
240.8,246.77197913460972
226.4,315.8987281895447
-198.4,153.75267560396787
77.0,122.2326795902844
154.4,278.2207720806757
268.7,294.2281760628333
229.1,142.7925543453993
-13.0,80.35722107451645
84.2,33.67742428053128
480.2,516.609171381311
304.7,217.65005308425114
126.5,174.3146431886145
-82.8,-100.76697541804812
393.8,350.0681815406482
63.5,145.6427595349325
460.4,422.4617341231606
410.0,417.30146437176813
532.0,443.95327317396743
518.0,444.18337156456204
-2.0,-2.592036615828324
482.0,498.3361922728009
-121.0,80.50460072743755
300.2,350.9950016585404
150.8,292.9435082981301
572.0,363.9445135637112
464.0,349.003895837874
-208.8,235.22181512064435
68.0,169.91997844213955
-149.8,99.27013346737654
590.0,502.747859826782
219.0,222.10519257038962
332.6,436.435237699945
541.4,423.6764731672617
95.0,93.20762890808511
-5.8,52.49910935240143
134.6,178.33621493857305
253.4,205.32978337979262
206.6,296.4069355967266
568.4,480.20036116607315
275.0,328.03377298963034
50.4,103.79117706352895
222.8,256.7685061054576
111.2,156.98416840496753
416.3,421.4270836799959
168.8,168.2943289393896
285.8,350.92578070950316
455.0,437.9321280322941
107.8,104.94935930187393
190.6,334.472288790854
120.0,115.59980830164706
228.2,410.6656267083804
206.6,176.90876544437666
426.2,324.00499449717535
115.0,111.04740272127961
381.2,381.353912806752
295.7,315.79703362809425
428.0,383.59443573764366
469.4,478.164973063175
156.2,164.11967445048518
48.2,66.10235571795687
-247.0,334.20484883383295
307.4,393.74805141587984
505.4,394.6617524878716
113.0,215.57260904156132
446.0,390.6117631571303
-25.1,15.88129028753783
501.8,478.83050379043635
121.1,94.75696288260409
302.0,335.06380978418406
140.9,173.10585430251376
473.0,240.9780373705268
424.0,270.60382399498025
505.4,453.9529644689909
473.0,495.369007898419
161.6,211.3414596849115
133.7,93.52320530735437
140.0,20.478912822030523
258.8,300.9658493950344
-51.0,4.254120900435951
548.6,403.5356985152746
165.2,201.15722158492505
86.0,117.15221928438415
76.1,71.53401612594413
343.4,370.8604055427708
-32.8,179.28166511514632
116.6,154.43605081673718
657.5,557.638998506384
572.0,568.7276140808013
126.7,67.06625144484264
229.1,421.9105879290724
302.0,637.1275908474564
437.0,441.93347903269245
131.0,108.20351817545668
390.2,253.81786186144072
125.6,76.97505490891814
100.4,136.83821687789478
550.4,457.83356653412994
474.8,477.33369245326276
331.0,340.57209290414784
77.0,261.3195854303361
377.6,298.52195126522196
127.0,138.55255755471313
536.0,508.3126010531697
409.1,407.6041540485668
680.0,619.421483895212
157.1,137.74953601593464
67.5,81.35805577801877
478.4,331.34955802769906
403.0,416.6255489892684
279.0,290.70705376092593
209.3,207.1305879030688
572.0,602.2877704897315
451.4,324.8697425038584
266.0,306.71671406232366
203.0,339.55109643366166
1.2,24.664391113544784
316.4,336.63778709150097
205.7,248.24561586909027
318.2,369.83511783725066
275.0,304.7467039351126
399.2,453.7575404981572
214.0,142.27660756804212
340.5,384.2021331059474
315.5,277.66685005609895
531.5,73.08924800519411
239.0,221.92308724584748
309.0,310.4820203832252
390.2,306.4874523090692
257.0,190.82207749641762
-92.6,-2.1045170645100093
190.4,319.76237004352157
518.0,518.4966863181472
557.6,403.34501001407017
-4.0,44.26385204725001
43.7,-46.577855539745485
96.8,77.63450936654388
246.2,267.4760228498741
320.0,275.7348099765427
237.2,170.69037303305433
249.8,288.9702628170378
523.4,501.2267660340036
428.0,431.4650296552956
113.0,147.5120245911056
661.7,360.0880520136667
-86.8,-121.47076099659392
462.0,460.5519106834199
-160.6,-135.08674656736974
518.0,387.9241132244796
680.0,5.192230040027226
244.0,243.99990211030814
183.2,187.87292986468503
240.8,202.2842655121484
-67.0,9.44779529829538
-0.4,58.38786871313776
433.4,322.89368577925967
327.2,395.6947893063361
201.2,186.38157084438646
-175.0,300.1480594492043
365.0,423.65312064163766
176.0,180.54082052812942
143.6,42.275085478561486
155.1,173.34161589877831
478.4,402.69255789247535
-144.0,-116.61307653650655
388.0,344.11192171933294
-190.0,-62.81335456274109
323.6,367.3814001864373
-57.1,-44.88291088012113
227.3,226.7003116348058
469.0,376.35931287475074
383.0,305.7726307104484
21.0,71.38485942839625
179.6,176.6210354490477
534.2,467.057809654808
325.0,405.23626613431253
-203.8,254.70910340396213
365.0,339.39768362476474
431.6,462.87655499056257
-13.0,87.50288641644077
-234.4,320.8933878036107
352.0,305.61609654273616
327.2,267.1554546336507
392.0,275.77291539667783
401.0,283.280027717521
120.2,145.98505450467545
6.8,57.13229922265143
320.0,259.5475099389787
-94.0,-48.5574225033778
338.0,383.91430510831424
16.0,44.33078605352476
372.2,435.56677197905236
-18.4,42.145197392523315
-22.0,-34.967952224061044
422.6,403.07066740291435
-123.0,-29.361774261807494
572.0,448.00698594089835
-52.6,-76.29667711607784
464.0,432.89381108248296
199.4,246.87662561852824
482.0,246.7306024871966
377.6,410.6320969842478
536.0,304.072155689221
340.0,322.7594976602701
-83.2,319.9828952969395
355.1,263.10210642814855
-114.0,-136.812307358509
-36.4,12.804386137942293
455.0,495.58886290605824
384.8,386.87899410926127
32.0,26.74879317672713
572.0,522.8585399536702
-90.0,-21.86682912236085
-154.3,-111.7652995086725
172.4,177.63823181835602
132.8,201.38497180528768
-43.6,110.66753956525379
206.6,258.30373216706306
-162.4,246.15627584501152
514.4,474.4032219650572
239.0,278.1793765082158
129.0,119.0059574257508
599.0,462.08415249954714
435.2,409.4070721361099
298.4,483.34632863130463
498.2,419.94152059169227
77.0,101.9943220680124
516.2,444.28943108576914
-76.0,-38.746714768675865
431.6,436.29715779122336
372.2,366.71550851814055
347.0,337.96169303265003
2.3,202.2449052508821
372.2,366.030753152454
352.4,294.9246928427589
-94.0,95.68798430495364
392.0,413.0392038053035
132.8,162.94413764405127
383.0,455.4590159516815
77.0,101.68918092566642
323.6,380.8972319872882
537.8,470.02714767188627
546.8,510.976154548644
-50.1,403.0582132207298
388.0,402.0079831895187
183.2,148.45558936660342
160.0,134.35059962226353
93.2,118.21347966586228
77.0,60.91207659864199
440.6,417.62813237723225
356.0,318.15226400459403
-0.4,8.838410111581497
338.0,366.880206514367
309.2,301.71230749723895
431.6,386.9131489859911
52.7,78.2782731112493
124.0,91.74780342257459
141.8,73.41245083443447
278.6,437.47622544230796
478.4,378.6521111422453
449.6,369.2081506495606
81.5,95.0302798583072
483.8,435.1486962792846
311.0,523.7839835806839
212.0,126.29539545184896
516.2,394.8329756979234
138.2,138.19650339690418
221.0,347.38635032637376
52.0,-3.601465693114178
396.5,429.2369887707897
415.4,218.2954708323948
284.0,353.9053785538741
161.6,197.40188016807664
485.6,390.17860183240435
389.3,445.8444984067846
449.6,435.11504926755674
429.8,318.03856226671104
58.6,76.56855836371913
39.0,80.48277781633246
-248.8,188.4168263163007
402.8,388.6411174365267
397.4,448.65196247691085
480.2,409.66392799090437
196.0,215.13369780841882
347.0,307.604213234215
487.4,433.4673235463391
100.8,90.57309360838268
-35.1,-63.39932706969949
77.0,183.72698783767345
548.6,540.3693628983142
539.6,470.8535995365416
266.0,317.92171701742
-40.0,20.752200719368062
-105.7,159.82652481315145
307.4,374.94472907249275
229.1,256.28761124502796
397.4,385.0483333325319
418.1,351.6774019518768
572.0,454.78944886292106
-77.8,12.003399575770315
111.2,85.39859068637793
6.6,230.66408809185248
374.0,395.64428454779153
226.4,198.03994410548316
-179.0,280.564157949314
356.0,352.13117271583263
41.9,-56.048147175854695
9.0,32.211327113877395
154.4,139.23219447623424
608.0,471.2464469069698
505.4,431.985614403776
248.0,340.6178159493544
-90.2,-45.26000172044966
-54.0,-58.50453749400698
23.0,18.205202322058728
294.8,392.1248201602596
282.2,186.4709955080339
77.0,64.75181259137858
210.0,190.2876758552242
345.2,228.25041862537694
127.4,71.27272048433271
217.4,342.55359922915176
545.0,496.90781711224037
478.4,441.9882821276489
304.7,286.0806051670586
244.4,292.33330237238476
-72.4,190.4765015288168
194.0,289.22473277197037
312.8,299.30021035607695
76.1,27.35004659746192
374.0,451.68487272502324
107.6,122.84598163421163
491.0,528.1594801513388
126.5,189.37701644823997
262.4,334.7596169801484
